<?xml version="1.0" encoding="utf-8"?>
<game_info>
  <required_gb>12</required_gb>
  <bhd5_game>Sekiro</bhd5_game>
  <archives>
    <archive>Data1</archive>
    <archive>Data2</archive>
    <archive>Data3</archive>
    <archive>Data4</archive>
    <archive>Data5</archive>
  </archives>
  <backup_dirs>
    <backup>sound</backup>
  </backup_dirs>
  <delete_dirs>
    <delete>_unknown</delete>
    <delete>action</delete>
    <delete>chr</delete>
	<delete>cutscene</delete>
    <delete>event</delete>
    <delete>facegen</delete>
    <delete>font</delete>
    <delete>map</delete>
    <delete>menu</delete>
    <delete>msg</delete>
    <delete>mtd</delete>
    <delete>obj</delete>
    <delete>other</delete>
    <delete>param</delete>
    <delete>parts</delete>
    <delete>script</delete>
    <delete>sfx</delete>
    <delete>shader</delete>
  </delete_dirs>
  <replacements>
    <replacement>data1:/</replacement>
    <replacement>data2:/</replacement>
    <replacement>data3:/</replacement>
    <replacement>data4:/</replacement>
    <replacement>data5:/</replacement>
  </replacements>
</game_info>